page_name,date,views
1897 Darwin cyclone,2020-11-10,617
1973 Flores cyclone,2025-03-04,145
Cyclone Ada,2020-01-03,758
Cyclone Ada,2025-03-04,180
Cyclone Ada,2025-03-05,272
Cyclone Ada,2025-03-06,224
Cyclone Ada,2025-03-07,165
Cyclone Aivu,2024-01-25,147
Cyclone Aivu,2025-03-03,177
Cyclone Aivu,2025-03-04,224
Cyclone Aivu,2025-03-05,303
Cyclone Aivu,2025-03-06,239
Cyclone Aivu,2025-03-07,281
Cyclone Alby,2021-04-08,726
Cyclone Alby,2021-04-09,814
Cyclone Alby,2021-04-10,1050
Cyclone Alby,2021-04-11,1842
Cyclone Alby,2021-04-12,961
Cyclone Alby,2021-04-13,768
Cyclone Alby,2023-04-10,157
Cyclone Alby,2023-04-11,374
Cyclone Alby,2023-04-12,234
Cyclone Alby,2023-04-13,753
Cyclone Alby,2023-04-14,189
Cyclone Alby,2025-01-19,145
Cyclone Alby,2025-01-20,288
Cyclone Alby,2025-01-21,260
Cyclone Alby,2025-02-13,528
Cyclone Alby,2025-02-14,383
Cyclone Alby,2025-03-03,177
Cyclone Alby,2025-03-04,310
Cyclone Alby,2025-03-05,558
Cyclone Alby,2025-03-06,604
Cyclone Alby,2025-03-07,564
Cyclone Alby,2025-03-08,254
Cyclone Alby,2025-03-09,126
Cyclone Alby,2026-02-08,137
Cyclone Alby,2026-02-09,164
Cyclone Alfred,2025-03-03,112
Cyclone Alfred,2025-03-04,3554
Cyclone Alfred,2025-03-05,6491
Cyclone Alfred,2025-03-06,5884
Cyclone Alfred,2025-03-07,7394
Cyclone Alfred,2025-03-08,4438
Cyclone Alfred,2025-03-09,2955
Cyclone Alfred,2025-03-10,4122
Cyclone Alfred,2025-03-11,2820
Cyclone Alfred,2025-03-12,1613
Cyclone Alfred,2025-03-13,1355
Cyclone Alfred,2025-03-14,957
Cyclone Alfred,2025-03-15,669
Cyclone Alfred,2025-03-16,776
Cyclone Alfred,2025-03-17,1057
Cyclone Alfred,2025-03-18,1071
Cyclone Alfred,2025-03-19,985
Cyclone Alfred,2025-03-20,951
Cyclone Alfred,2025-03-21,830
Cyclone Alfred,2025-03-22,493
Cyclone Alfred,2025-03-23,953
Cyclone Alfred,2025-03-24,1343
Cyclone Alfred,2025-03-25,1728
Cyclone Alfred,2025-03-26,1924
Cyclone Alfred,2025-03-27,1841
Cyclone Alfred,2025-03-28,1507
Cyclone Alfred,2025-03-29,925
Cyclone Alfred,2025-03-30,1117
Cyclone Alfred,2025-03-31,1541
Cyclone Alfred,2025-04-01,1563
Cyclone Alfred,2025-04-02,1461
Cyclone Alfred,2025-04-03,1193
Cyclone Alfred,2025-04-04,952
Cyclone Alfred,2025-04-05,412
Cyclone Alfred,2025-04-06,633
Cyclone Alfred,2025-04-07,924
Cyclone Alfred,2025-04-08,852
Cyclone Alfred,2025-04-09,687
Cyclone Alfred,2025-04-10,798
Cyclone Alfred,2025-04-11,632
Cyclone Alfred,2025-04-12,446
Cyclone Alfred,2025-04-13,446
Cyclone Alfred,2025-04-14,665
Cyclone Alfred,2025-04-15,638
Cyclone Alfred,2025-04-16,603
Cyclone Alfred,2025-04-17,485
Cyclone Alfred,2025-04-18,276
Cyclone Alfred,2025-04-19,280
Cyclone Alfred,2025-04-20,141
Cyclone Alfred,2025-04-21,125
Cyclone Alfred,2025-04-22,141
Cyclone Alfred,2025-04-23,140
Cyclone Alfred,2025-04-24,111
Cyclone Alfred,2025-04-25,96
Cyclone Alfred,2025-04-27,141
Cyclone Alfred,2025-04-28,171
Cyclone Alfred,2025-04-29,256
Cyclone Alfred,2025-04-30,311
Cyclone Alfred,2025-05-01,547
Cyclone Alfred,2025-05-02,393
Cyclone Alfred,2025-05-03,278
Cyclone Alfred,2025-05-04,271
Cyclone Alfred,2025-05-05,469
Cyclone Alfred,2025-05-06,567
Cyclone Alfred,2025-05-07,559
Cyclone Alfred,2025-05-08,519
Cyclone Alfred,2025-05-09,445
Cyclone Alfred,2025-05-10,264
Cyclone Alfred,2025-05-11,340
Cyclone Alfred,2025-05-12,645
Cyclone Alfred,2025-05-13,570
Cyclone Alfred,2025-05-14,548
Cyclone Alfred,2025-05-15,505
Cyclone Alfred,2025-05-16,445
Cyclone Alfred,2025-05-17,200
Cyclone Alfred,2025-05-18,270
Cyclone Alfred,2025-05-19,477
Cyclone Alfred,2025-05-20,504
Cyclone Alfred,2025-05-21,572
Cyclone Alfred,2025-05-22,590
Cyclone Alfred,2025-05-23,348
Cyclone Alfred,2025-05-24,241
Cyclone Alfred,2025-05-25,334
Cyclone Alfred,2025-05-26,472
Cyclone Alfred,2025-05-27,310
Cyclone Alfred,2025-05-28,336
Cyclone Alfred,2025-05-29,303
Cyclone Alfred,2025-05-30,298
Cyclone Alfred,2025-05-31,143
Cyclone Alfred,2025-06-01,197
Cyclone Alfred,2025-06-02,304
Cyclone Alfred,2025-06-03,261
Cyclone Alfred,2025-06-04,266
Cyclone Alfred,2025-06-05,251
Cyclone Alfred,2025-06-06,234
Cyclone Alfred,2025-06-07,99
Cyclone Alfred,2025-06-08,202
Cyclone Alfred,2025-06-09,232
Cyclone Alfred,2025-06-10,302
Cyclone Alfred,2025-06-11,268
Cyclone Alfred,2025-06-12,240
Cyclone Alfred,2025-06-13,180
Cyclone Alfred,2025-06-14,107
Cyclone Alfred,2025-06-15,181
Cyclone Alfred,2025-06-16,258
Cyclone Alfred,2025-06-17,246
Cyclone Alfred,2025-06-18,202
Cyclone Alfred,2025-06-19,184
Cyclone Alfred,2025-06-20,185
Cyclone Alfred,2025-06-22,134
Cyclone Alfred,2025-06-23,200
Cyclone Alfred,2025-06-24,196
Cyclone Alfred,2025-06-25,196
Cyclone Alfred,2025-06-26,237
Cyclone Alfred,2025-06-27,173
Cyclone Alfred,2025-06-28,127
Cyclone Alfred,2025-06-29,179
Cyclone Alfred,2025-06-30,306
Cyclone Alfred,2025-07-01,352
Cyclone Alfred,2025-07-02,301
Cyclone Alfred,2025-07-03,130
Cyclone Alfred,2025-07-04,138
Cyclone Alfred,2025-07-06,140
Cyclone Alfred,2025-07-07,159
Cyclone Alfred,2025-07-08,158
Cyclone Alfred,2025-07-09,201
Cyclone Alfred,2025-07-10,155
Cyclone Alfred,2025-07-11,149
Cyclone Alfred,2025-07-13,102
Cyclone Alfred,2025-07-14,167
Cyclone Alfred,2025-07-15,156
Cyclone Alfred,2025-07-16,171
Cyclone Alfred,2025-07-17,107
Cyclone Alfred,2025-07-18,125
Cyclone Alfred,2025-07-21,135
Cyclone Alfred,2025-07-22,199
Cyclone Alfred,2025-07-23,167
Cyclone Alfred,2025-07-24,133
Cyclone Alfred,2025-07-25,112
Cyclone Alfred,2025-07-27,113
Cyclone Alfred,2025-07-28,178
Cyclone Alfred,2025-07-29,193
Cyclone Alfred,2025-07-30,170
Cyclone Alfred,2025-07-31,144
Cyclone Alfred,2025-08-01,142
Cyclone Alfred,2025-08-03,122
Cyclone Alfred,2025-08-04,201
Cyclone Alfred,2025-08-05,164
Cyclone Alfred,2025-08-06,164
Cyclone Alfred,2025-08-07,125
Cyclone Alfred,2025-08-08,135
Cyclone Alfred,2025-08-09,110
Cyclone Alfred,2025-08-10,114
Cyclone Alfred,2025-08-11,156
Cyclone Alfred,2025-08-12,157
Cyclone Alfred,2025-08-13,156
Cyclone Alfred,2025-08-14,116
Cyclone Alfred,2025-08-15,152
Cyclone Alfred,2025-08-16,103
Cyclone Alfred,2025-08-17,142
Cyclone Alfred,2025-08-18,204
Cyclone Alfred,2025-08-19,182
Cyclone Alfred,2025-08-20,183
Cyclone Alfred,2025-08-21,196
Cyclone Alfred,2025-08-22,134
Cyclone Alfred,2025-08-24,130
Cyclone Alfred,2025-08-25,207
Cyclone Alfred,2025-08-26,200
Cyclone Alfred,2025-08-27,162
Cyclone Alfred,2025-08-28,224
Cyclone Alfred,2025-08-29,156
Cyclone Alfred,2025-08-30,105
Cyclone Alfred,2025-08-31,151
Cyclone Alfred,2025-09-01,182
Cyclone Alfred,2025-09-02,209
Cyclone Alfred,2025-09-03,232
Cyclone Alfred,2025-09-04,153
Cyclone Alfred,2025-09-05,117
Cyclone Alfred,2025-09-07,108
Cyclone Alfred,2025-09-08,192
Cyclone Alfred,2025-09-09,258
Cyclone Alfred,2025-09-10,197
Cyclone Alfred,2025-09-11,162
Cyclone Alfred,2025-09-12,126
Cyclone Alfred,2025-09-14,115
Cyclone Alfred,2025-09-15,151
Cyclone Alfred,2025-09-16,154
Cyclone Alfred,2025-09-17,161
Cyclone Alfred,2025-09-18,124
Cyclone Alfred,2025-09-21,96
Cyclone Alfred,2025-09-22,237
Cyclone Alfred,2025-09-23,274
Cyclone Alfred,2025-09-24,189
Cyclone Alfred,2025-09-25,151
Cyclone Alfred,2025-09-26,95
Cyclone Alfred,2025-09-28,104
Cyclone Alfred,2025-09-29,177
Cyclone Alfred,2025-09-30,142
Cyclone Alfred,2025-10-01,92
Cyclone Alfred,2025-10-02,162
Cyclone Alfred,2025-10-06,110
Cyclone Alfred,2025-10-07,134
Cyclone Alfred,2025-10-08,148
Cyclone Alfred,2025-10-09,160
Cyclone Alfred,2025-10-10,131
Cyclone Alfred,2025-10-12,102
Cyclone Alfred,2025-10-13,148
Cyclone Alfred,2025-10-14,151
Cyclone Alfred,2025-10-15,156
Cyclone Alfred,2025-10-16,148
Cyclone Alfred,2025-10-17,108
Cyclone Alfred,2025-10-18,120
Cyclone Alfred,2025-10-19,96
Cyclone Alfred,2025-10-20,132
Cyclone Alfred,2025-10-21,150
Cyclone Alfred,2025-10-22,153
Cyclone Alfred,2025-10-23,127
Cyclone Alfred,2025-10-24,101
Cyclone Alfred,2025-10-26,172
Cyclone Alfred,2025-10-27,254
Cyclone Alfred,2025-10-28,357
Cyclone Alfred,2025-10-29,305
Cyclone Alfred,2025-10-30,222
Cyclone Alfred,2025-10-31,219
Cyclone Alfred,2025-11-01,200
Cyclone Alfred,2025-11-02,131
Cyclone Alfred,2025-11-03,143
Cyclone Alfred,2025-11-04,123
Cyclone Alfred,2025-11-05,141
Cyclone Alfred,2025-11-06,168
Cyclone Alfred,2025-11-07,139
Cyclone Alfred,2025-11-08,104
Cyclone Alfred,2025-11-09,110
Cyclone Alfred,2025-11-10,130
Cyclone Alfred,2025-11-11,130
Cyclone Alfred,2025-11-12,186
Cyclone Alfred,2025-11-13,148
Cyclone Alfred,2025-11-14,127
Cyclone Alfred,2025-11-15,115
Cyclone Alfred,2025-11-16,118
Cyclone Alfred,2025-11-17,157
Cyclone Alfred,2025-11-18,196
Cyclone Alfred,2025-11-19,252
Cyclone Alfred,2025-11-20,302
Cyclone Alfred,2025-11-21,324
Cyclone Alfred,2025-11-22,537
Cyclone Alfred,2025-11-23,233
Cyclone Alfred,2025-11-24,257
Cyclone Alfred,2025-11-25,236
Cyclone Alfred,2025-11-26,175
Cyclone Alfred,2025-11-27,187
Cyclone Alfred,2025-11-28,128
Cyclone Alfred,2025-11-29,92
Cyclone Alfred,2025-11-30,93
Cyclone Alfred,2025-12-02,128
Cyclone Alfred,2025-12-03,114
Cyclone Alfred,2025-12-04,149
Cyclone Alfred,2025-12-05,105
Cyclone Alfred,2025-12-08,126
Cyclone Alfred,2025-12-09,91
Cyclone Alfred,2025-12-19,110
Cyclone Alfred,2025-12-23,101
Cyclone Alfred,2025-12-26,94
Cyclone Alfred,2025-12-28,128
Cyclone Alfred,2025-12-29,139
Cyclone Alfred,2025-12-30,159
Cyclone Alfred,2025-12-31,120
Cyclone Alfred,2026-01-01,120
Cyclone Alfred,2026-01-05,151
Cyclone Alfred,2026-01-07,146
Cyclone Alfred,2026-01-08,184
Cyclone Alfred,2026-01-09,295
Cyclone Alfred,2026-01-10,567
Cyclone Alfred,2026-01-11,327
Cyclone Alfred,2026-01-12,125
Cyclone Alfred,2026-01-13,111
Cyclone Alfred,2026-01-14,132
Cyclone Alfred,2026-01-15,125
Cyclone Alfred,2026-01-19,133
Cyclone Alfred,2026-01-24,98
Cyclone Alfred,2026-01-27,110
Cyclone Alfred,2026-02-02,151
Cyclone Alfred,2026-02-03,165
Cyclone Alfred,2026-02-04,117
Cyclone Alfred,2026-02-05,143
Cyclone Alfred,2026-02-06,111
Cyclone Alfred,2026-02-07,98
Cyclone Alfred,2026-02-08,139
Cyclone Alfred,2026-02-09,162
Cyclone Alfred,2026-02-10,146
Cyclone Alfred,2026-02-11,178
Cyclone Alfred,2026-02-12,208
Cyclone Alfred,2026-02-13,107
Cyclone Alfred,2026-02-15,119
Cyclone Alfred,2026-02-16,146
Cyclone Alfred,2026-02-18,140
Cyclone Alfred,2026-02-20,107
Cyclone Alfred,2026-02-22,132
Cyclone Alfred,2026-02-23,116
Cyclone Alfred,2026-02-24,147
Cyclone Alfred,2026-02-25,137
Cyclone Alfred,2026-02-26,199
Cyclone Alfred,2026-02-27,166
Cyclone Alfred,2026-02-28,99
Cyclone Althea,2017-03-27,480
Cyclone Althea,2018-12-19,1130
Cyclone Althea,2023-12-06,251
Cyclone Althea,2023-12-07,280
Cyclone Althea,2023-12-08,254
Cyclone Althea,2023-12-09,128
Cyclone Althea,2023-12-10,158
Cyclone Althea,2023-12-11,188
Cyclone Althea,2023-12-12,141
Cyclone Althea,2024-01-21,254
Cyclone Althea,2024-01-22,487
Cyclone Althea,2024-01-23,338
Cyclone Althea,2024-01-24,537
Cyclone Althea,2024-01-25,1211
Cyclone Althea,2024-01-26,157
Cyclone Althea,2024-12-24,167
Cyclone Althea,2025-03-02,110
Cyclone Althea,2025-03-03,268
Cyclone Althea,2025-03-04,459
Cyclone Althea,2025-03-05,550
Cyclone Althea,2025-03-06,506
Cyclone Althea,2025-03-07,494
Cyclone Althea,2025-03-08,205
Cyclone Althea,2026-01-10,141
Cyclone Carlos,2025-03-05,184
Cyclone Carlos,2025-03-06,167
Cyclone Carlos,2025-11-20,150
Cyclone Carlos,2025-11-21,189
Cyclone Carlos,2025-11-22,238
Cyclone Christine,2023-04-13,126
Cyclone Damien,2023-04-12,101
Cyclone Damien,2023-04-13,232
Cyclone Damien,2025-02-12,128
Cyclone Damien,2025-02-13,414
Cyclone Damien,2026-02-07,298
Cyclone Debbie,2017-03-27,1320
Cyclone Debbie,2017-03-28,2407
Cyclone Debbie,2017-03-29,1384
Cyclone Debbie,2017-03-30,1629
Cyclone Debbie,2017-03-31,978
Cyclone Debbie,2017-04-01,583
Cyclone Debbie,2017-04-02,624
Cyclone Debbie,2017-04-03,639
Cyclone Debbie,2017-04-04,537
Cyclone Debbie,2017-04-05,526
Cyclone Debbie,2017-04-06,926
Cyclone Debbie,2017-04-07,728
Cyclone Debbie,2017-04-08,477
Cyclone Debbie,2017-04-09,654
Cyclone Debbie,2017-04-10,636
Cyclone Debbie,2017-04-11,514
Cyclone Debbie,2017-05-01,466
Cyclone Debbie,2017-05-02,624
Cyclone Debbie,2017-05-03,589
Cyclone Debbie,2017-05-04,502
Cyclone Debbie,2017-05-08,589
Cyclone Debbie,2017-05-09,482
Cyclone Debbie,2017-05-16,453
Cyclone Debbie,2017-05-22,457
Cyclone Debbie,2017-06-11,2225
Cyclone Debbie,2017-06-12,4219
Cyclone Debbie,2017-06-13,1161
Cyclone Debbie,2017-06-14,642
Cyclone Debbie,2017-06-15,526
Cyclone Debbie,2017-06-18,549
Cyclone Debbie,2017-06-19,533
Cyclone Debbie,2017-08-28,500
Cyclone Debbie,2017-09-04,517
Cyclone Debbie,2017-09-06,822
Cyclone Debbie,2017-09-07,743
Cyclone Debbie,2017-09-08,719
Cyclone Debbie,2017-09-09,658
Cyclone Debbie,2017-09-10,912
Cyclone Debbie,2017-09-11,754
Cyclone Debbie,2017-09-12,562
Cyclone Debbie,2017-09-13,508
Cyclone Debbie,2018-03-13,616
Cyclone Debbie,2018-03-22,477
Cyclone Debbie,2018-04-03,648
Cyclone Debbie,2019-02-20,592
Cyclone Debbie,2019-02-21,493
Cyclone Debbie,2023-02-08,162
Cyclone Debbie,2023-02-09,135
Cyclone Debbie,2023-02-11,121
Cyclone Debbie,2023-02-13,94
Cyclone Debbie,2023-02-14,104
Cyclone Debbie,2023-04-13,329
Cyclone Debbie,2023-04-14,102
Cyclone Debbie,2023-08-23,156
Cyclone Debbie,2023-12-04,186
Cyclone Debbie,2023-12-05,371
Cyclone Debbie,2023-12-06,560
Cyclone Debbie,2023-12-07,594
Cyclone Debbie,2023-12-08,491
Cyclone Debbie,2023-12-09,252
Cyclone Debbie,2023-12-10,385
Cyclone Debbie,2023-12-11,394
Cyclone Debbie,2023-12-12,426
Cyclone Debbie,2023-12-13,449
Cyclone Debbie,2023-12-14,147
Cyclone Debbie,2024-01-19,124
Cyclone Debbie,2024-01-20,224
Cyclone Debbie,2024-01-21,562
Cyclone Debbie,2024-01-22,1007
Cyclone Debbie,2024-01-23,1132
Cyclone Debbie,2024-01-24,721
Cyclone Debbie,2024-01-25,822
Cyclone Debbie,2024-01-26,128
Cyclone Debbie,2024-10-08,156
Cyclone Debbie,2024-10-09,253
Cyclone Debbie,2024-10-10,323
Cyclone Debbie,2024-10-11,105
Cyclone Debbie,2024-11-13,107
Cyclone Debbie,2025-02-23,141
Cyclone Debbie,2025-02-24,213
Cyclone Debbie,2025-02-25,268
Cyclone Debbie,2025-02-26,265
Cyclone Debbie,2025-02-27,242
Cyclone Debbie,2025-02-28,189
Cyclone Debbie,2025-03-01,454
Cyclone Debbie,2025-03-02,1624
Cyclone Debbie,2025-03-03,3348
Cyclone Debbie,2025-03-04,4361
Cyclone Debbie,2025-03-05,4401
Cyclone Debbie,2025-03-06,3486
Cyclone Debbie,2025-03-07,2991
Cyclone Debbie,2025-03-08,1568
Cyclone Debbie,2025-03-09,559
Cyclone Debbie,2025-03-10,417
Cyclone Debbie,2025-03-11,287
Cyclone Debbie,2025-03-12,255
Cyclone Debbie,2025-03-13,170
Cyclone Debbie,2025-03-14,151
Cyclone Debbie,2025-03-27,108
Cyclone Debbie,2025-03-28,151
Cyclone Debbie,2025-10-28,99
Cyclone Debbie,2025-10-29,103
Cyclone Debbie,2025-11-03,164
Cyclone Debbie,2025-11-12,139
Cyclone Debbie,2025-11-13,109
Cyclone Debbie,2025-11-17,107
Cyclone Debbie,2025-11-19,118
Cyclone Debbie,2025-11-22,160
Cyclone Debbie,2025-11-24,106
Cyclone Debbie,2025-11-25,137
Cyclone Debbie,2026-01-08,129
Cyclone Debbie,2026-01-09,280
Cyclone Debbie,2026-01-10,666
Cyclone Debbie,2026-01-11,296
Cyclone Debbie,2026-01-12,116
Cyclone Fran,2025-03-01,159
Cyclone Fran,2025-03-02,365
Cyclone Fran,2025-03-03,233
Cyclone Fran,2025-03-04,272
Cyclone Fran,2025-03-05,309
Cyclone Fran,2025-03-06,203
Cyclone Fran,2025-03-07,168
Cyclone Freddy,2023-02-18,659
Cyclone Freddy,2023-02-19,1758
Cyclone Freddy,2023-02-20,1530
Cyclone Freddy,2023-02-21,658
Cyclone Freddy,2023-02-22,382
Cyclone Freddy,2023-02-23,245
Cyclone Freddy,2023-02-24,225
Cyclone Freddy,2023-02-25,256
Cyclone Freddy,2023-02-26,230
Cyclone Freddy,2023-02-27,138
Cyclone Freddy,2023-02-28,152
Cyclone Freddy,2023-03-02,181
Cyclone Freddy,2023-03-03,174
Cyclone Freddy,2023-03-04,305
Cyclone Freddy,2023-03-05,441
Cyclone Freddy,2023-03-06,341
Cyclone Freddy,2023-03-07,722
Cyclone Freddy,2023-03-08,1566
Cyclone Freddy,2023-03-09,1147
Cyclone Freddy,2023-03-10,650
Cyclone Freddy,2023-03-11,713
Cyclone Freddy,2023-03-12,992
Cyclone Freddy,2023-03-13,1050
Cyclone Freddy,2023-03-14,1289
Cyclone Freddy,2023-03-15,1725
Cyclone Freddy,2023-03-16,1528
Cyclone Freddy,2023-03-17,566
Cyclone Freddy,2023-03-18,365
Cyclone Freddy,2023-03-19,342
Cyclone Freddy,2023-03-20,184
Cyclone Freddy,2023-03-21,160
Cyclone Freddy,2023-03-22,184
Cyclone Freddy,2023-03-23,170
Cyclone Freddy,2023-03-26,103
Cyclone Freddy,2023-03-29,106
Cyclone Freddy,2023-04-01,112
Cyclone Freddy,2023-04-02,97
Cyclone Freddy,2023-04-06,90
Cyclone Freddy,2023-04-10,122
Cyclone Freddy,2023-04-11,136
Cyclone Freddy,2023-04-12,105
Cyclone Freddy,2023-04-13,283
Cyclone Freddy,2023-04-14,132
Cyclone Freddy,2023-12-11,91
Cyclone Freddy,2023-12-13,104
Cyclone Freddy,2024-10-09,129
Cyclone Freddy,2025-03-03,247
Cyclone Freddy,2025-03-04,182
Cyclone Freddy,2025-03-05,319
Cyclone Freddy,2025-03-06,345
Cyclone Freddy,2025-03-07,480
Cyclone Freddy,2025-03-08,315
Cyclone Freddy,2025-03-09,125
Cyclone Gabrielle,2023-02-12,247
Cyclone Gabrielle,2023-02-13,331
Cyclone Gabrielle,2023-02-14,661
Cyclone Gabrielle,2023-02-15,1604
Cyclone Gabrielle,2023-02-16,1483
Cyclone Gabrielle,2023-02-17,1203
Cyclone Gabrielle,2023-02-18,1133
Cyclone Gabrielle,2023-02-19,1152
Cyclone Gabrielle,2023-02-20,1211
Cyclone Gabrielle,2023-02-21,998
Cyclone Gabrielle,2023-02-22,706
Cyclone Gabrielle,2023-02-23,457
Cyclone Gabrielle,2023-02-24,404
Cyclone Gabrielle,2023-02-25,244
Cyclone Gabrielle,2023-02-26,275
Cyclone Gabrielle,2023-02-27,300
Cyclone Gabrielle,2023-02-28,278
Cyclone Gabrielle,2023-03-01,205
Cyclone Gabrielle,2023-03-02,302
Cyclone Gabrielle,2023-03-03,95
Cyclone Gabrielle,2023-03-04,95
Cyclone Gabrielle,2023-03-05,126
Cyclone Gabrielle,2023-03-06,101
Cyclone Gabrielle,2023-03-07,123
Cyclone Gabrielle,2023-03-08,127
Cyclone Gabrielle,2023-03-14,125
Cyclone Gabrielle,2023-03-16,92
Cyclone Gabrielle,2023-04-13,137
Cyclone Gabrielle,2023-12-10,91
Cyclone Gabrielle,2023-12-12,139
Cyclone Gabrielle,2023-12-13,90
Cyclone Gabrielle,2024-01-25,90
Cyclone Gabrielle,2024-10-13,95
Cyclone Gabrielle,2025-03-02,107
Cyclone Gabrielle,2025-03-03,420
Cyclone Gabrielle,2025-03-04,902
Cyclone Gabrielle,2025-03-05,936
Cyclone Gabrielle,2025-03-06,998
Cyclone Gabrielle,2025-03-07,670
Cyclone Gabrielle,2025-03-08,282
Cyclone Gabrielle,2025-03-09,118
Cyclone Gabrielle,2025-03-10,144
Cyclone George,2023-04-11,120
Cyclone George,2023-04-12,155
Cyclone George,2023-04-13,898
Cyclone George,2023-04-14,186
Cyclone George,2025-02-12,341
Cyclone George,2025-02-13,769
Cyclone George,2025-02-14,417
Cyclone George,2025-03-03,115
Cyclone George,2025-03-04,136
Cyclone George,2025-03-05,224
Cyclone George,2025-03-06,211
Cyclone George,2025-03-07,222
Cyclone Gwenda,2023-04-13,158
Cyclone Gwenda,2025-02-13,115
Cyclone Gwenda,2025-03-04,102
Cyclone Gwenda,2025-03-05,178
Cyclone Gwenda,2025-03-06,147
Cyclone Gwenda,2025-03-07,183
Cyclone Hamish,2025-03-03,122
Cyclone Hamish,2025-03-04,200
Cyclone Hamish,2025-03-05,220
Cyclone Hamish,2025-03-06,171
Cyclone Hamish,2025-03-07,163
Cyclone Harold,2020-04-04,2046
Cyclone Harold,2020-04-05,1009
Cyclone Harold,2020-04-06,1512
Cyclone Harold,2020-04-07,1849
Cyclone Harold,2020-04-08,2774
Cyclone Harold,2020-04-09,1280
Cyclone Harold,2020-04-10,694
Cyclone Harold,2020-04-11,560
Cyclone Harold,2020-04-12,454
Cyclone Harold,2020-04-13,624
Cyclone Ilsa,2023-04-13,1685
Cyclone Ilsa,2023-04-14,1042
Cyclone Ilsa,2023-04-15,521
Cyclone Ilsa,2023-04-16,270
Cyclone Ilsa,2023-04-17,202
Cyclone Ilsa,2023-04-19,124
Cyclone Ilsa,2023-04-20,97
Cyclone Ilsa,2023-04-23,112
Cyclone Ilsa,2023-04-24,149
Cyclone Ilsa,2023-04-26,115
Cyclone Ilsa,2023-04-27,106
Cyclone Ilsa,2023-08-27,896
Cyclone Ilsa,2023-08-28,145
Cyclone Ilsa,2023-12-07,103
Cyclone Ilsa,2023-12-11,122
Cyclone Ilsa,2023-12-12,114
Cyclone Ilsa,2023-12-13,155
Cyclone Ilsa,2024-01-25,113
Cyclone Ilsa,2024-10-08,96
Cyclone Ilsa,2024-10-09,182
Cyclone Ilsa,2024-10-10,183
Cyclone Ilsa,2025-02-12,174
Cyclone Ilsa,2025-02-13,626
Cyclone Ilsa,2025-02-14,244
Cyclone Ilsa,2025-03-03,155
Cyclone Ilsa,2025-03-04,298
Cyclone Ilsa,2025-03-05,485
Cyclone Ilsa,2025-03-06,385
Cyclone Ilsa,2025-03-07,424
Cyclone Ilsa,2025-03-08,229
Cyclone Inigo,2023-04-13,123
Cyclone Inigo,2025-02-13,97
Cyclone Inigo,2025-03-04,130
Cyclone Inigo,2025-03-05,178
Cyclone Inigo,2025-03-06,164
Cyclone Inigo,2025-03-07,174
Cyclone Ita,2017-03-27,579
Cyclone Ita,2017-03-28,493
Cyclone Ita,2023-12-11,156
Cyclone Ita,2023-12-12,129
Cyclone Ita,2023-12-13,132
Cyclone Ita,2025-03-03,140
Cyclone Ita,2025-03-04,257
Cyclone Ita,2025-03-05,296
Cyclone Ita,2025-03-06,215
Cyclone Ita,2025-03-07,322
Cyclone Jasper,2023-12-11,750
Cyclone Jasper,2023-12-12,891
Cyclone Jasper,2023-12-13,1129
Cyclone Jasper,2023-12-14,716
Cyclone Jasper,2023-12-15,1141
Cyclone Jasper,2023-12-16,1152
Cyclone Jasper,2023-12-17,1716
Cyclone Jasper,2023-12-18,1696
Cyclone Jasper,2023-12-19,1089
Cyclone Jasper,2023-12-20,944
Cyclone Jasper,2023-12-21,616
Cyclone Jasper,2023-12-22,518
Cyclone Jasper,2023-12-23,375
Cyclone Jasper,2023-12-24,388
Cyclone Jasper,2023-12-25,442
Cyclone Jasper,2023-12-26,561
Cyclone Jasper,2023-12-27,372
Cyclone Jasper,2023-12-28,182
Cyclone Jasper,2023-12-29,179
Cyclone Jasper,2023-12-30,102
Cyclone Jasper,2024-01-01,183
Cyclone Jasper,2024-01-02,270
Cyclone Jasper,2024-01-03,295
Cyclone Jasper,2024-01-04,251
Cyclone Jasper,2024-01-05,245
Cyclone Jasper,2024-01-06,194
Cyclone Jasper,2024-01-07,221
Cyclone Jasper,2024-01-08,329
Cyclone Jasper,2024-01-09,252
Cyclone Jasper,2024-01-10,304
Cyclone Jasper,2024-01-11,212
Cyclone Jasper,2024-01-12,198
Cyclone Jasper,2024-01-13,161
Cyclone Jasper,2024-01-14,106
Cyclone Jasper,2024-01-15,142
Cyclone Jasper,2024-01-16,164
Cyclone Jasper,2024-01-17,149
Cyclone Jasper,2024-01-18,209
Cyclone Jasper,2024-01-19,205
Cyclone Jasper,2024-01-20,307
Cyclone Jasper,2024-01-21,568
Cyclone Jasper,2024-01-22,688
Cyclone Jasper,2024-01-23,819
Cyclone Jasper,2024-01-24,519
Cyclone Jasper,2024-01-25,703
Cyclone Jasper,2024-01-26,180
Cyclone Jasper,2024-01-27,109
Cyclone Jasper,2024-01-28,123
Cyclone Jasper,2024-01-29,167
Cyclone Jasper,2024-01-30,221
Cyclone Jasper,2024-01-31,181
Cyclone Jasper,2024-02-01,164
Cyclone Jasper,2024-02-02,136
Cyclone Jasper,2024-02-05,172
Cyclone Jasper,2024-02-06,165
Cyclone Jasper,2024-02-07,186
Cyclone Jasper,2024-02-08,124
Cyclone Jasper,2024-02-09,115
Cyclone Jasper,2024-02-11,107
Cyclone Jasper,2024-02-12,105
Cyclone Jasper,2024-02-15,111
Cyclone Jasper,2024-02-16,117
Cyclone Jasper,2024-02-18,106
Cyclone Jasper,2024-02-19,151
Cyclone Jasper,2024-03-05,127
Cyclone Jasper,2024-03-06,115
Cyclone Jasper,2024-03-14,100
Cyclone Jasper,2024-03-17,95
Cyclone Jasper,2024-03-18,126
Cyclone Jasper,2024-03-19,111
Cyclone Jasper,2024-05-05,97
Cyclone Jasper,2024-07-25,100
Cyclone Jasper,2024-10-08,214
Cyclone Jasper,2024-10-09,323
Cyclone Jasper,2024-10-10,349
Cyclone Jasper,2024-10-11,104
Cyclone Jasper,2024-10-12,98
Cyclone Jasper,2024-10-13,101
Cyclone Jasper,2024-10-14,92
Cyclone Jasper,2024-10-15,112
Cyclone Jasper,2024-10-16,122
Cyclone Jasper,2025-01-31,249
Cyclone Jasper,2025-02-02,123
Cyclone Jasper,2025-02-13,136
Cyclone Jasper,2025-03-02,286
Cyclone Jasper,2025-03-03,896
Cyclone Jasper,2025-03-04,1541
Cyclone Jasper,2025-03-05,1758
Cyclone Jasper,2025-03-06,1509
Cyclone Jasper,2025-03-07,1234
Cyclone Jasper,2025-03-08,618
Cyclone Jasper,2025-03-09,315
Cyclone Jasper,2025-03-10,277
Cyclone Jasper,2025-03-11,269
Cyclone Jasper,2025-03-12,181
Cyclone Jasper,2025-03-13,148
Cyclone Jasper,2025-03-14,90
Cyclone Jasper,2026-01-09,238
Cyclone Jasper,2026-01-10,263
Cyclone Joan,2023-04-13,121
Cyclone Joan,2025-02-13,280
Cyclone John,2023-04-13,121
Cyclone John,2025-02-13,213
Cyclone Joy,2023-12-09,114
Cyclone Joy,2023-12-11,135
Cyclone Joy,2023-12-12,193
Cyclone Joy,2023-12-13,169
Cyclone Joy,2025-03-03,234
Cyclone Joy,2025-03-04,312
Cyclone Joy,2025-03-05,382
Cyclone Joy,2025-03-06,379
Cyclone Joy,2025-03-07,348
Cyclone Justin,2023-12-12,106
Cyclone Justin,2025-03-04,199
Cyclone Justin,2025-03-05,301
Cyclone Justin,2025-03-06,310
Cyclone Justin,2025-03-07,244
Cyclone Katrina,2025-03-05,144
Cyclone Katrina,2025-03-06,186
Cyclone Kirrily,2024-01-30,121
Cyclone Kirrily,2024-01-31,97
Cyclone Kirrily,2024-02-01,155
Cyclone Kirrily,2024-02-02,179
Cyclone Kirrily,2024-02-03,137
Cyclone Kirrily,2024-02-04,118
Cyclone Kirrily,2024-02-05,212
Cyclone Kirrily,2024-02-06,232
Cyclone Kirrily,2024-02-07,168
Cyclone Kirrily,2024-02-08,120
Cyclone Kirrily,2024-02-09,95
Cyclone Kirrily,2024-02-10,92
Cyclone Kirrily,2024-02-12,107
Cyclone Kirrily,2024-02-13,107
Cyclone Kirrily,2024-02-16,100
Cyclone Kirrily,2024-10-10,107
Cyclone Kirrily,2025-03-03,190
Cyclone Kirrily,2025-03-04,271
Cyclone Kirrily,2025-03-05,375
Cyclone Kirrily,2025-03-06,202
Cyclone Kirrily,2025-03-07,239
Cyclone Kirrily,2026-01-09,274
Cyclone Kirrily,2026-01-10,470
Cyclone Larry,2017-03-24,655
Cyclone Larry,2017-03-25,949
Cyclone Larry,2017-03-26,1344
Cyclone Larry,2017-03-27,2988
Cyclone Larry,2017-03-28,2678
Cyclone Larry,2017-03-29,710
Cyclone Larry,2017-03-30,485
Cyclone Larry,2021-01-18,451
Cyclone Larry,2023-04-13,280
Cyclone Larry,2023-12-05,179
Cyclone Larry,2023-12-06,290
Cyclone Larry,2023-12-07,396
Cyclone Larry,2023-12-08,585
Cyclone Larry,2023-12-09,413
Cyclone Larry,2023-12-10,469
Cyclone Larry,2023-12-11,612
Cyclone Larry,2023-12-12,639
Cyclone Larry,2023-12-13,561
Cyclone Larry,2023-12-14,142
Cyclone Larry,2024-01-22,134
Cyclone Larry,2024-01-23,187
Cyclone Larry,2024-01-24,246
Cyclone Larry,2024-01-25,435
Cyclone Larry,2024-10-09,149
Cyclone Larry,2024-10-10,152
Cyclone Larry,2025-02-13,126
Cyclone Larry,2025-03-02,315
Cyclone Larry,2025-03-03,860
Cyclone Larry,2025-03-04,1491
Cyclone Larry,2025-03-05,1925
Cyclone Larry,2025-03-06,1620
Cyclone Larry,2025-03-07,1735
Cyclone Larry,2025-03-08,627
Cyclone Larry,2025-03-09,320
Cyclone Larry,2025-03-10,215
Cyclone Larry,2025-03-11,149
Cyclone Larry,2026-01-10,224
Cyclone Laurence,2023-04-13,423
Cyclone Mahina,2017-03-27,678
Cyclone Mahina,2017-03-28,834
Cyclone Mahina,2019-03-04,7350
Cyclone Mahina,2019-03-05,6020
Cyclone Mahina,2019-03-06,918
Cyclone Mahina,2019-05-02,1200
Cyclone Mahina,2021-11-20,453
Cyclone Mahina,2021-11-21,695
Cyclone Mahina,2022-09-11,728
Cyclone Mahina,2023-02-09,339
Cyclone Mahina,2023-02-10,437
Cyclone Mahina,2023-02-11,142
Cyclone Mahina,2023-02-20,130
Cyclone Mahina,2023-04-11,120
Cyclone Mahina,2023-04-12,201
Cyclone Mahina,2023-04-13,455
Cyclone Mahina,2023-04-14,122
Cyclone Mahina,2023-10-19,126
Cyclone Mahina,2023-12-04,187
Cyclone Mahina,2023-12-05,629
Cyclone Mahina,2023-12-06,1081
Cyclone Mahina,2023-12-07,1317
Cyclone Mahina,2023-12-08,1280
Cyclone Mahina,2023-12-09,1511
Cyclone Mahina,2023-12-10,1587
Cyclone Mahina,2023-12-11,1410
Cyclone Mahina,2023-12-12,1208
Cyclone Mahina,2023-12-13,1336
Cyclone Mahina,2023-12-14,328
Cyclone Mahina,2023-12-15,496
Cyclone Mahina,2023-12-16,345
Cyclone Mahina,2023-12-17,414
Cyclone Mahina,2023-12-18,187
Cyclone Mahina,2023-12-19,170
Cyclone Mahina,2023-12-20,112
Cyclone Mahina,2024-01-17,113
Cyclone Mahina,2024-01-18,141
Cyclone Mahina,2024-01-19,237
Cyclone Mahina,2024-01-20,418
Cyclone Mahina,2024-01-21,479
Cyclone Mahina,2024-01-22,628
Cyclone Mahina,2024-01-23,756
Cyclone Mahina,2024-01-24,870
Cyclone Mahina,2024-01-25,1177
Cyclone Mahina,2024-01-26,273
Cyclone Mahina,2024-01-27,248
Cyclone Mahina,2024-01-28,143
Cyclone Mahina,2024-01-29,141
Cyclone Mahina,2024-03-04,564
Cyclone Mahina,2024-03-17,138
Cyclone Mahina,2024-03-18,109
Cyclone Mahina,2024-10-08,361
Cyclone Mahina,2024-10-09,739
Cyclone Mahina,2024-10-10,684
Cyclone Mahina,2024-10-11,205
Cyclone Mahina,2024-10-12,129
Cyclone Mahina,2024-10-13,112
Cyclone Mahina,2024-10-14,114
Cyclone Mahina,2024-12-16,186
Cyclone Mahina,2024-12-17,182
Cyclone Mahina,2024-12-24,144
Cyclone Mahina,2024-12-25,150
Cyclone Mahina,2024-12-26,236
Cyclone Mahina,2025-01-19,127
Cyclone Mahina,2025-01-27,137
Cyclone Mahina,2025-01-28,151
Cyclone Mahina,2025-01-29,128
Cyclone Mahina,2025-02-02,125
Cyclone Mahina,2025-02-05,315
Cyclone Mahina,2025-02-10,99
Cyclone Mahina,2025-02-11,200
Cyclone Mahina,2025-02-12,346
Cyclone Mahina,2025-02-13,1717
Cyclone Mahina,2025-02-14,1131
Cyclone Mahina,2025-02-15,326
Cyclone Mahina,2025-02-16,157
Cyclone Mahina,2025-02-17,95
Cyclone Mahina,2025-02-18,198
Cyclone Mahina,2025-02-20,175
Cyclone Mahina,2025-02-21,142
Cyclone Mahina,2025-02-22,127
Cyclone Mahina,2025-02-23,268
Cyclone Mahina,2025-02-24,273
Cyclone Mahina,2025-02-25,279
Cyclone Mahina,2025-02-26,654
Cyclone Mahina,2025-02-27,994
Cyclone Mahina,2025-02-28,955
Cyclone Mahina,2025-03-01,1481
Cyclone Mahina,2025-03-02,2421
Cyclone Mahina,2025-03-03,4280
Cyclone Mahina,2025-03-04,5418
Cyclone Mahina,2025-03-05,5506
Cyclone Mahina,2025-03-06,4459
Cyclone Mahina,2025-03-07,4378
Cyclone Mahina,2025-03-08,2206
Cyclone Mahina,2025-03-09,1663
Cyclone Mahina,2025-03-10,994
Cyclone Mahina,2025-03-11,359
Cyclone Mahina,2025-03-12,230
Cyclone Mahina,2025-03-13,184
Cyclone Mahina,2025-03-14,145
Cyclone Mahina,2025-03-20,125
Cyclone Mahina,2025-04-02,159
Cyclone Mahina,2025-10-28,175
Cyclone Mahina,2025-10-29,91
Cyclone Mahina,2025-11-21,103
Cyclone Mahina,2025-11-22,169
Cyclone Mahina,2025-11-23,147
Cyclone Mahina,2025-11-24,168
Cyclone Mahina,2025-11-27,116
Cyclone Mahina,2026-01-02,92
Cyclone Mahina,2026-01-09,215
Cyclone Mahina,2026-01-10,295
Cyclone Mahina,2026-01-11,164
Cyclone Mahina,2026-01-12,121
Cyclone Mahina,2026-01-21,121
Cyclone Mahina,2026-02-06,218
Cyclone Mahina,2026-02-07,242
Cyclone Mahina,2026-02-08,105
Cyclone Marcia,2017-03-25,726
Cyclone Marcia,2017-03-26,1010
Cyclone Marcia,2017-03-27,2221
Cyclone Marcia,2017-03-28,1408
Cyclone Marcia,2017-03-29,516
Cyclone Marcia,2023-04-13,204
Cyclone Marcia,2023-12-05,118
Cyclone Marcia,2023-12-06,186
Cyclone Marcia,2023-12-07,178
Cyclone Marcia,2023-12-10,138
Cyclone Marcia,2023-12-11,136
Cyclone Marcia,2023-12-12,159
Cyclone Marcia,2023-12-13,151
Cyclone Marcia,2024-01-22,156
Cyclone Marcia,2024-01-23,163
Cyclone Marcia,2024-01-24,161
Cyclone Marcia,2024-01-25,255
Cyclone Marcia,2024-10-09,109
Cyclone Marcia,2024-10-10,136
Cyclone Marcia,2025-02-20,138
Cyclone Marcia,2025-02-24,155
Cyclone Marcia,2025-02-25,169
Cyclone Marcia,2025-02-26,355
Cyclone Marcia,2025-02-27,303
Cyclone Marcia,2025-02-28,164
Cyclone Marcia,2025-03-02,380
Cyclone Marcia,2025-03-03,931
Cyclone Marcia,2025-03-04,1618
Cyclone Marcia,2025-03-05,1798
Cyclone Marcia,2025-03-06,1339
Cyclone Marcia,2025-03-07,1316
Cyclone Marcia,2025-03-08,564
Cyclone Marcia,2025-03-09,246
Cyclone Marcia,2025-03-10,204
Cyclone Marcia,2025-03-11,150
Cyclone Marcia,2026-01-10,154
Cyclone Marcus,2018-03-22,1096
Cyclone Marcus,2018-03-23,605
Cyclone Marcus,2018-03-24,513
Cyclone Marcus,2020-01-08,637
Cyclone Marcus,2023-04-13,354
Cyclone Marcus,2023-04-14,96
Cyclone Marcus,2023-12-11,136
Cyclone Marcus,2023-12-12,194
Cyclone Marcus,2023-12-13,176
Cyclone Marcus,2024-01-25,174
Cyclone Marcus,2024-10-09,153
Cyclone Marcus,2024-10-10,189
Cyclone Marcus,2025-02-13,175
Cyclone Marcus,2025-03-02,157
Cyclone Marcus,2025-03-03,409
Cyclone Marcus,2025-03-04,741
Cyclone Marcus,2025-03-05,1142
Cyclone Marcus,2025-03-06,847
Cyclone Marcus,2025-03-07,802
Cyclone Marcus,2025-03-08,263
Cyclone Marcus,2025-03-09,152
Cyclone Marcus,2025-11-17,127
Cyclone Marcus,2025-11-18,596
Cyclone Marcus,2025-11-19,1100
Cyclone Marcus,2025-11-20,1373
Cyclone Marcus,2025-11-21,1482
Cyclone Marcus,2025-11-22,1550
Cyclone Marcus,2025-11-23,406
Cyclone Marcus,2025-11-24,189
Cyclone Monica,2023-04-13,204
Cyclone Monica,2025-02-13,103
Cyclone Monica,2025-03-03,142
Cyclone Monica,2025-03-04,270
Cyclone Monica,2025-03-05,371
Cyclone Monica,2025-03-06,327
Cyclone Monica,2025-03-07,353
Cyclone Monica,2025-03-08,97
Cyclone Monica,2025-11-20,96
Cyclone Monica,2025-11-21,125
Cyclone Monica,2025-11-22,278
Cyclone Monica,2025-11-23,103
Cyclone Niran,2021-03-07,784
Cyclone Niran,2025-03-05,167
Cyclone Olivia,2023-04-13,468
Cyclone Olivia,2023-04-14,122
Cyclone Olivia,2024-10-09,95
Cyclone Olivia,2025-02-13,216
Cyclone Olivia,2025-02-14,106
Cyclone Olivia,2025-03-04,189
Cyclone Olivia,2025-03-05,253
Cyclone Olivia,2025-03-06,214
Cyclone Olivia,2025-03-07,168
Cyclone Olivia,2025-03-08,120
Cyclone Orson,2023-04-13,341
Cyclone Orson,2023-04-14,147
Cyclone Orson,2025-02-13,277
Cyclone Orson,2025-02-14,105
Cyclone Orson,2025-03-05,140
Cyclone Orson,2025-03-06,150
Cyclone Orson,2025-03-07,159
Cyclone Oswald,2017-03-27,940
Cyclone Oswald,2017-03-28,920
Cyclone Oswald,2017-03-29,696
Cyclone Oswald,2017-03-30,697
Cyclone Oswald,2018-12-10,867
Cyclone Oswald,2018-12-11,714
Cyclone Oswald,2018-12-12,915
Cyclone Oswald,2018-12-13,816
Cyclone Oswald,2022-02-27,547
Cyclone Oswald,2023-08-23,149
Cyclone Oswald,2023-12-06,169
Cyclone Oswald,2024-01-21,92
Cyclone Oswald,2024-01-23,155
Cyclone Oswald,2025-02-24,175
Cyclone Oswald,2025-02-25,188
Cyclone Oswald,2025-02-26,244
Cyclone Oswald,2025-02-27,189
Cyclone Oswald,2025-02-28,157
Cyclone Oswald,2025-03-01,390
Cyclone Oswald,2025-03-02,944
Cyclone Oswald,2025-03-03,1309
Cyclone Oswald,2025-03-04,1418
Cyclone Oswald,2025-03-05,1495
Cyclone Oswald,2025-03-06,1094
Cyclone Oswald,2025-03-07,1612
Cyclone Oswald,2025-03-08,1140
Cyclone Oswald,2025-03-09,323
Cyclone Oswald,2025-03-10,258
Cyclone Oswald,2025-03-11,212
Cyclone Rosita,2023-04-11,152
Cyclone Rosita,2023-04-12,227
Cyclone Rosita,2023-04-13,249
Cyclone Rosita,2025-02-13,122
Cyclone Rusty,2023-04-13,162
Cyclone Seroja,2021-04-06,818
Cyclone Seroja,2021-04-08,617
Cyclone Seroja,2021-04-09,615
Cyclone Seroja,2021-04-10,609
Cyclone Seroja,2021-04-11,1478
Cyclone Seroja,2021-04-12,1018
Cyclone Seroja,2021-04-13,680
Cyclone Seroja,2023-04-10,136
Cyclone Seroja,2023-04-11,204
Cyclone Seroja,2023-04-12,141
Cyclone Seroja,2023-04-13,417
Cyclone Seroja,2023-04-14,133
Cyclone Seroja,2025-02-13,182
Cyclone Seroja,2025-02-14,147
Cyclone Seroja,2025-03-04,108
Cyclone Seroja,2025-03-05,196
Cyclone Seroja,2025-03-06,158
Cyclone Seroja,2025-03-07,174
Cyclone Steve,2023-12-10,124
Cyclone Steve,2023-12-11,203
Cyclone Steve,2023-12-12,172
Cyclone Steve,2023-12-13,177
Cyclone Steve,2025-03-04,207
Cyclone Steve,2025-03-05,213
Cyclone Steve,2025-03-06,176
Cyclone Steve,2025-03-07,127
Cyclone Tessi,2024-01-23,132
Cyclone Tessi,2024-01-24,166
Cyclone Tessi,2024-01-25,371
Cyclone Tessi,2025-03-04,203
Cyclone Tessi,2025-03-05,199
Cyclone Tessi,2025-03-06,211
Cyclone Tessi,2025-03-07,190
Cyclone Thelma,2025-03-05,221
Cyclone Thelma,2025-03-06,177
Cyclone Thelma,2025-03-07,147
Cyclone Thelma,2025-11-21,148
Cyclone Thelma,2025-11-22,201
Cyclone Tracy,2017-03-04,484
Cyclone Tracy,2017-03-05,524
Cyclone Tracy,2017-03-24,551
Cyclone Tracy,2017-03-25,1500
Cyclone Tracy,2017-03-26,2565
Cyclone Tracy,2017-03-27,8960
Cyclone Tracy,2017-03-28,7909
Cyclone Tracy,2017-03-29,2072
Cyclone Tracy,2017-03-30,1469
Cyclone Tracy,2017-03-31,646
Cyclone Tracy,2017-04-03,515
Cyclone Tracy,2017-09-06,679
Cyclone Tracy,2017-09-07,763
Cyclone Tracy,2017-09-08,771
Cyclone Tracy,2017-09-09,664
Cyclone Tracy,2017-09-10,951
Cyclone Tracy,2017-09-11,786
Cyclone Tracy,2017-09-12,474
Cyclone Tracy,2018-03-16,1213
Cyclone Tracy,2018-03-17,1883
Cyclone Tracy,2018-03-18,1123
Cyclone Tracy,2018-03-19,916
Cyclone Tracy,2018-03-20,727
Cyclone Tracy,2018-03-21,716
Cyclone Tracy,2018-03-22,535
Cyclone Tracy,2018-03-23,565
Cyclone Tracy,2018-12-13,522
Cyclone Tracy,2018-12-14,602
Cyclone Tracy,2019-02-21,527
Cyclone Tracy,2019-03-21,1289
Cyclone Tracy,2019-03-22,1206
Cyclone Tracy,2019-03-23,1136
Cyclone Tracy,2019-03-24,552
Cyclone Tracy,2019-12-24,677
Cyclone Tracy,2019-12-25,511
Cyclone Tracy,2020-01-03,578
Cyclone Tracy,2020-01-06,479
Cyclone Tracy,2021-04-11,669
Cyclone Tracy,2021-12-24,1489
Cyclone Tracy,2021-12-25,1314
Cyclone Tracy,2021-12-26,500
Cyclone Tracy,2022-12-22,479
Cyclone Tracy,2023-02-07,150
Cyclone Tracy,2023-02-08,194
Cyclone Tracy,2023-02-09,145
Cyclone Tracy,2023-02-10,161
Cyclone Tracy,2023-02-11,303
Cyclone Tracy,2023-02-12,187
Cyclone Tracy,2023-02-13,165
Cyclone Tracy,2023-02-14,172
Cyclone Tracy,2023-02-15,149
Cyclone Tracy,2023-02-16,107
Cyclone Tracy,2023-02-17,91
Cyclone Tracy,2023-02-18,118
Cyclone Tracy,2023-02-19,143
Cyclone Tracy,2023-02-20,149
Cyclone Tracy,2023-02-21,97
Cyclone Tracy,2023-02-23,97
Cyclone Tracy,2023-02-25,105
Cyclone Tracy,2023-02-27,112
Cyclone Tracy,2023-02-28,171
Cyclone Tracy,2023-03-01,129
Cyclone Tracy,2023-03-02,102
Cyclone Tracy,2023-03-03,116
Cyclone Tracy,2023-03-06,91
Cyclone Tracy,2023-03-07,105
Cyclone Tracy,2023-03-08,125
Cyclone Tracy,2023-03-09,97
Cyclone Tracy,2023-03-10,157
Cyclone Tracy,2023-03-11,105
Cyclone Tracy,2023-03-13,110
Cyclone Tracy,2023-03-14,152
Cyclone Tracy,2023-03-15,117
Cyclone Tracy,2023-03-16,137
Cyclone Tracy,2023-03-20,120
Cyclone Tracy,2023-03-21,164
Cyclone Tracy,2023-03-24,121
Cyclone Tracy,2023-03-26,199
Cyclone Tracy,2023-03-27,171
Cyclone Tracy,2023-03-28,104
Cyclone Tracy,2023-03-29,104
Cyclone Tracy,2023-03-30,94
Cyclone Tracy,2023-03-31,104
Cyclone Tracy,2023-04-01,93
Cyclone Tracy,2023-04-08,105
Cyclone Tracy,2023-04-09,156
Cyclone Tracy,2023-04-10,237
Cyclone Tracy,2023-04-11,319
Cyclone Tracy,2023-04-12,468
Cyclone Tracy,2023-04-13,2915
Cyclone Tracy,2023-04-14,717
Cyclone Tracy,2023-04-15,257
Cyclone Tracy,2023-04-16,128
Cyclone Tracy,2023-04-17,91
Cyclone Tracy,2023-05-03,90
Cyclone Tracy,2023-05-11,92
Cyclone Tracy,2023-05-16,132
Cyclone Tracy,2023-05-17,102
Cyclone Tracy,2023-05-18,103
Cyclone Tracy,2023-05-22,216
Cyclone Tracy,2023-05-23,111
Cyclone Tracy,2023-05-24,119
Cyclone Tracy,2023-05-25,112
Cyclone Tracy,2023-05-29,115
Cyclone Tracy,2023-05-30,102
Cyclone Tracy,2023-05-31,93
Cyclone Tracy,2023-06-01,120
Cyclone Tracy,2023-06-02,112
Cyclone Tracy,2023-06-06,172
Cyclone Tracy,2023-06-14,106
Cyclone Tracy,2023-06-16,103
Cyclone Tracy,2023-07-18,106
Cyclone Tracy,2023-07-24,101
Cyclone Tracy,2023-07-25,118
Cyclone Tracy,2023-07-31,95
Cyclone Tracy,2023-08-01,105
Cyclone Tracy,2023-08-02,118
Cyclone Tracy,2023-08-03,96
Cyclone Tracy,2023-08-04,119
Cyclone Tracy,2023-08-06,107
Cyclone Tracy,2023-08-07,137
Cyclone Tracy,2023-08-08,117
Cyclone Tracy,2023-08-10,109
Cyclone Tracy,2023-08-11,114
Cyclone Tracy,2023-08-13,92
Cyclone Tracy,2023-08-15,132
Cyclone Tracy,2023-08-17,92
Cyclone Tracy,2023-08-21,134
Cyclone Tracy,2023-08-25,99
Cyclone Tracy,2023-08-26,105
Cyclone Tracy,2023-08-28,132
Cyclone Tracy,2023-08-29,122
Cyclone Tracy,2023-08-30,130
Cyclone Tracy,2023-08-31,146
Cyclone Tracy,2023-09-05,94
Cyclone Tracy,2023-09-06,108
Cyclone Tracy,2023-09-07,103
Cyclone Tracy,2023-09-08,91
Cyclone Tracy,2023-09-11,113
Cyclone Tracy,2023-09-13,96
Cyclone Tracy,2023-09-14,123
Cyclone Tracy,2023-09-15,117
Cyclone Tracy,2023-09-19,99
Cyclone Tracy,2023-09-20,101
Cyclone Tracy,2023-10-07,95
Cyclone Tracy,2023-10-10,93
Cyclone Tracy,2023-10-11,93
Cyclone Tracy,2023-10-15,90
Cyclone Tracy,2023-10-17,97
Cyclone Tracy,2023-10-19,96
Cyclone Tracy,2023-10-24,128
Cyclone Tracy,2023-10-26,141
Cyclone Tracy,2023-10-27,104
Cyclone Tracy,2023-10-28,105
Cyclone Tracy,2023-10-31,102
Cyclone Tracy,2023-11-05,95
Cyclone Tracy,2023-11-07,103
Cyclone Tracy,2023-11-08,93
Cyclone Tracy,2023-11-09,90
Cyclone Tracy,2023-11-10,118
Cyclone Tracy,2023-11-14,111
Cyclone Tracy,2023-11-16,111
Cyclone Tracy,2023-11-20,110
Cyclone Tracy,2023-11-22,104
Cyclone Tracy,2023-11-28,90
Cyclone Tracy,2023-12-04,91
Cyclone Tracy,2023-12-05,320
Cyclone Tracy,2023-12-06,473
Cyclone Tracy,2023-12-07,668
Cyclone Tracy,2023-12-08,742
Cyclone Tracy,2023-12-09,680
Cyclone Tracy,2023-12-10,713
Cyclone Tracy,2023-12-11,956
Cyclone Tracy,2023-12-12,1570
Cyclone Tracy,2023-12-13,1680
Cyclone Tracy,2023-12-14,558
Cyclone Tracy,2023-12-15,268
Cyclone Tracy,2023-12-16,224
Cyclone Tracy,2023-12-17,206
Cyclone Tracy,2023-12-18,275
Cyclone Tracy,2023-12-19,162
Cyclone Tracy,2023-12-20,261
Cyclone Tracy,2023-12-21,170
Cyclone Tracy,2023-12-22,149
Cyclone Tracy,2023-12-23,208
Cyclone Tracy,2023-12-24,376
Cyclone Tracy,2023-12-25,324
Cyclone Tracy,2023-12-26,242
Cyclone Tracy,2023-12-27,203
Cyclone Tracy,2023-12-28,120
Cyclone Tracy,2023-12-29,115
Cyclone Tracy,2023-12-30,161
Cyclone Tracy,2023-12-31,129
Cyclone Tracy,2024-01-01,121
Cyclone Tracy,2024-01-02,117
Cyclone Tracy,2024-01-10,94
Cyclone Tracy,2024-01-12,110
Cyclone Tracy,2024-01-17,117
Cyclone Tracy,2024-01-18,140
Cyclone Tracy,2024-01-19,177
Cyclone Tracy,2024-01-20,207
Cyclone Tracy,2024-01-21,337
Cyclone Tracy,2024-01-22,466
Cyclone Tracy,2024-01-23,565
Cyclone Tracy,2024-01-24,735
Cyclone Tracy,2024-01-25,1678
Cyclone Tracy,2024-01-26,432
Cyclone Tracy,2024-01-27,210
Cyclone Tracy,2024-01-28,143
Cyclone Tracy,2024-01-29,124
Cyclone Tracy,2024-01-30,132
Cyclone Tracy,2024-01-31,119
Cyclone Tracy,2024-02-05,100
Cyclone Tracy,2024-02-06,109
Cyclone Tracy,2024-02-09,91
Cyclone Tracy,2024-02-12,129
Cyclone Tracy,2024-02-13,94
Cyclone Tracy,2024-02-16,208
Cyclone Tracy,2024-02-19,91
Cyclone Tracy,2024-02-20,128
Cyclone Tracy,2024-02-21,129
Cyclone Tracy,2024-02-22,124
Cyclone Tracy,2024-02-26,97
Cyclone Tracy,2024-03-01,92
Cyclone Tracy,2024-03-06,136
Cyclone Tracy,2024-03-07,107
Cyclone Tracy,2024-03-12,97
Cyclone Tracy,2024-03-13,137
Cyclone Tracy,2024-03-14,111
Cyclone Tracy,2024-03-15,172
Cyclone Tracy,2024-03-17,181
Cyclone Tracy,2024-03-18,291
Cyclone Tracy,2024-03-19,125
Cyclone Tracy,2024-03-20,91
Cyclone Tracy,2024-03-21,114
Cyclone Tracy,2024-03-22,92
Cyclone Tracy,2024-03-27,105
Cyclone Tracy,2024-04-02,111
Cyclone Tracy,2024-04-03,127
Cyclone Tracy,2024-04-05,92
Cyclone Tracy,2024-04-29,109
Cyclone Tracy,2024-05-11,112
Cyclone Tracy,2024-05-20,97
Cyclone Tracy,2024-05-21,100
Cyclone Tracy,2024-05-23,124
Cyclone Tracy,2024-05-24,90
Cyclone Tracy,2024-06-10,91
Cyclone Tracy,2024-06-11,123
Cyclone Tracy,2024-06-12,99
Cyclone Tracy,2024-06-17,113
Cyclone Tracy,2024-06-18,363
Cyclone Tracy,2024-06-21,92
Cyclone Tracy,2024-06-22,140
Cyclone Tracy,2024-06-25,111
Cyclone Tracy,2024-07-03,99
Cyclone Tracy,2024-07-04,173
Cyclone Tracy,2024-07-05,109
Cyclone Tracy,2024-07-10,91
Cyclone Tracy,2024-07-13,132
Cyclone Tracy,2024-07-25,92
Cyclone Tracy,2024-08-07,106
Cyclone Tracy,2024-08-09,92
Cyclone Tracy,2024-08-13,129
Cyclone Tracy,2024-08-18,103
Cyclone Tracy,2024-08-21,103
Cyclone Tracy,2024-08-22,105
Cyclone Tracy,2024-08-24,93
Cyclone Tracy,2024-08-26,102
Cyclone Tracy,2024-08-27,128
Cyclone Tracy,2024-08-28,161
Cyclone Tracy,2024-09-01,132
Cyclone Tracy,2024-09-02,149
Cyclone Tracy,2024-09-03,121
Cyclone Tracy,2024-09-05,93
Cyclone Tracy,2024-09-08,109
Cyclone Tracy,2024-09-09,124
Cyclone Tracy,2024-09-10,108
Cyclone Tracy,2024-09-14,110
Cyclone Tracy,2024-09-16,97
Cyclone Tracy,2024-09-23,125
Cyclone Tracy,2024-09-27,127
Cyclone Tracy,2024-09-28,118
Cyclone Tracy,2024-09-29,106
Cyclone Tracy,2024-10-01,128
Cyclone Tracy,2024-10-02,99
Cyclone Tracy,2024-10-05,117
Cyclone Tracy,2024-10-07,159
Cyclone Tracy,2024-10-08,713
Cyclone Tracy,2024-10-09,1316
Cyclone Tracy,2024-10-10,1326
Cyclone Tracy,2024-10-11,500
Cyclone Tracy,2024-10-12,290
Cyclone Tracy,2024-10-13,199
Cyclone Tracy,2024-10-14,246
Cyclone Tracy,2024-10-15,158
Cyclone Tracy,2024-10-16,102
Cyclone Tracy,2024-10-17,170
Cyclone Tracy,2024-10-18,184
Cyclone Tracy,2024-10-19,105
Cyclone Tracy,2024-10-21,118
Cyclone Tracy,2024-10-22,108
Cyclone Tracy,2024-10-23,94
Cyclone Tracy,2024-10-26,97
Cyclone Tracy,2024-10-27,116
Cyclone Tracy,2024-10-28,103
Cyclone Tracy,2024-10-29,164
Cyclone Tracy,2024-10-30,129
Cyclone Tracy,2024-10-31,112
Cyclone Tracy,2024-11-01,172
Cyclone Tracy,2024-11-03,103
Cyclone Tracy,2024-11-05,173
Cyclone Tracy,2024-11-06,106
Cyclone Tracy,2024-11-07,113
Cyclone Tracy,2024-11-08,109
Cyclone Tracy,2024-11-09,115
Cyclone Tracy,2024-11-10,120
Cyclone Tracy,2024-11-11,196
Cyclone Tracy,2024-11-12,153
Cyclone Tracy,2024-11-13,156
Cyclone Tracy,2024-11-14,150
Cyclone Tracy,2024-11-15,222
Cyclone Tracy,2024-11-16,190
Cyclone Tracy,2024-11-17,201
Cyclone Tracy,2024-11-18,162
Cyclone Tracy,2024-11-19,144
Cyclone Tracy,2024-11-20,192
Cyclone Tracy,2024-11-21,156
Cyclone Tracy,2024-11-22,187
Cyclone Tracy,2024-11-23,151
Cyclone Tracy,2024-11-24,216
Cyclone Tracy,2024-11-25,208
Cyclone Tracy,2024-11-26,304
Cyclone Tracy,2024-11-27,619
Cyclone Tracy,2024-11-28,346
Cyclone Tracy,2024-11-29,216
Cyclone Tracy,2024-11-30,427
Cyclone Tracy,2024-12-01,283
Cyclone Tracy,2024-12-02,364
Cyclone Tracy,2024-12-03,239
Cyclone Tracy,2024-12-04,170
Cyclone Tracy,2024-12-05,331
Cyclone Tracy,2024-12-06,203
Cyclone Tracy,2024-12-07,305
Cyclone Tracy,2024-12-08,416
Cyclone Tracy,2024-12-09,444
Cyclone Tracy,2024-12-10,210
Cyclone Tracy,2024-12-11,201
Cyclone Tracy,2024-12-12,159
Cyclone Tracy,2024-12-13,219
Cyclone Tracy,2024-12-14,175
Cyclone Tracy,2024-12-15,431
Cyclone Tracy,2024-12-16,279
Cyclone Tracy,2024-12-17,255
Cyclone Tracy,2024-12-18,249
Cyclone Tracy,2024-12-19,444
Cyclone Tracy,2024-12-20,506
Cyclone Tracy,2024-12-21,1147
Cyclone Tracy,2024-12-22,2125
Cyclone Tracy,2024-12-23,4749
Cyclone Tracy,2024-12-24,6423
Cyclone Tracy,2024-12-25,5547
Cyclone Tracy,2024-12-26,5840
Cyclone Tracy,2024-12-27,1031
Cyclone Tracy,2024-12-28,551
Cyclone Tracy,2024-12-29,445
Cyclone Tracy,2024-12-30,296
Cyclone Tracy,2024-12-31,207
Cyclone Tracy,2025-01-01,206
Cyclone Tracy,2025-01-02,213
Cyclone Tracy,2025-01-03,124
Cyclone Tracy,2025-01-04,283
Cyclone Tracy,2025-01-05,246
Cyclone Tracy,2025-01-06,186
Cyclone Tracy,2025-01-07,112
Cyclone Tracy,2025-01-08,103
Cyclone Tracy,2025-01-09,95
Cyclone Tracy,2025-01-10,144
Cyclone Tracy,2025-01-11,317
Cyclone Tracy,2025-01-12,154
Cyclone Tracy,2025-01-13,93
Cyclone Tracy,2025-01-14,97
Cyclone Tracy,2025-01-17,121
Cyclone Tracy,2025-01-18,119
Cyclone Tracy,2025-01-19,135
Cyclone Tracy,2025-01-20,128
Cyclone Tracy,2025-01-21,100
Cyclone Tracy,2025-01-22,110
Cyclone Tracy,2025-01-23,100
Cyclone Tracy,2025-01-24,115
Cyclone Tracy,2025-01-29,103
Cyclone Tracy,2025-01-31,91
Cyclone Tracy,2025-02-01,123
Cyclone Tracy,2025-02-02,117
Cyclone Tracy,2025-02-03,112
Cyclone Tracy,2025-02-06,106
Cyclone Tracy,2025-02-09,90
Cyclone Tracy,2025-02-12,257
Cyclone Tracy,2025-02-13,1678
Cyclone Tracy,2025-02-14,940
Cyclone Tracy,2025-02-15,168
Cyclone Tracy,2025-02-16,126
Cyclone Tracy,2025-02-17,114
Cyclone Tracy,2025-02-18,101
Cyclone Tracy,2025-02-19,101
Cyclone Tracy,2025-02-21,108
Cyclone Tracy,2025-02-23,108
Cyclone Tracy,2025-02-24,172
Cyclone Tracy,2025-02-25,198
Cyclone Tracy,2025-02-26,174
Cyclone Tracy,2025-02-27,253
Cyclone Tracy,2025-02-28,227
Cyclone Tracy,2025-03-01,270
Cyclone Tracy,2025-03-02,1037
Cyclone Tracy,2025-03-03,3701
Cyclone Tracy,2025-03-04,7549
Cyclone Tracy,2025-03-05,12167
Cyclone Tracy,2025-03-06,9500
Cyclone Tracy,2025-03-07,9372
Cyclone Tracy,2025-03-08,3050
Cyclone Tracy,2025-03-09,1365
Cyclone Tracy,2025-03-10,886
Cyclone Tracy,2025-03-11,624
Cyclone Tracy,2025-03-12,428
Cyclone Tracy,2025-03-13,370
Cyclone Tracy,2025-03-14,285
Cyclone Tracy,2025-03-15,235
Cyclone Tracy,2025-03-16,232
Cyclone Tracy,2025-03-17,179
Cyclone Tracy,2025-03-18,198
Cyclone Tracy,2025-03-19,219
Cyclone Tracy,2025-03-20,197
Cyclone Tracy,2025-03-21,139
Cyclone Tracy,2025-03-22,155
Cyclone Tracy,2025-03-23,149
Cyclone Tracy,2025-03-24,155
Cyclone Tracy,2025-03-25,102
Cyclone Tracy,2025-03-26,119
Cyclone Tracy,2025-03-27,118
Cyclone Tracy,2025-03-28,141
Cyclone Tracy,2025-03-29,131
Cyclone Tracy,2025-03-31,132
Cyclone Tracy,2025-04-01,150
Cyclone Tracy,2025-04-02,113
Cyclone Tracy,2025-04-04,131
Cyclone Tracy,2025-04-05,96
Cyclone Tracy,2025-04-16,100
Cyclone Tracy,2025-04-18,102
Cyclone Tracy,2025-04-29,95
Cyclone Tracy,2025-05-11,93
Cyclone Tracy,2025-05-13,107
Cyclone Tracy,2025-05-14,98
Cyclone Tracy,2025-05-15,96
Cyclone Tracy,2025-05-16,127
Cyclone Tracy,2025-05-19,145
Cyclone Tracy,2025-05-20,160
Cyclone Tracy,2025-05-21,118
Cyclone Tracy,2025-05-22,134
Cyclone Tracy,2025-05-23,99
Cyclone Tracy,2025-05-25,108
Cyclone Tracy,2025-05-27,125
Cyclone Tracy,2025-05-28,108
Cyclone Tracy,2025-06-03,134
Cyclone Tracy,2025-06-04,97
Cyclone Tracy,2025-06-05,117
Cyclone Tracy,2025-06-06,97
Cyclone Tracy,2025-06-09,133
Cyclone Tracy,2025-06-10,99
Cyclone Tracy,2025-06-11,113
Cyclone Tracy,2025-06-17,121
Cyclone Tracy,2025-06-19,91
Cyclone Tracy,2025-06-20,130
Cyclone Tracy,2025-06-22,101
Cyclone Tracy,2025-06-23,106
Cyclone Tracy,2025-06-24,135
Cyclone Tracy,2025-06-25,115
Cyclone Tracy,2025-06-30,96
Cyclone Tracy,2025-07-01,117
Cyclone Tracy,2025-07-02,103
Cyclone Tracy,2025-07-05,91
Cyclone Tracy,2025-07-13,94
Cyclone Tracy,2025-07-14,116
Cyclone Tracy,2025-07-18,93
Cyclone Tracy,2025-07-19,96
Cyclone Tracy,2025-07-21,90
Cyclone Tracy,2025-07-22,101
Cyclone Tracy,2025-07-23,96
Cyclone Tracy,2025-07-24,176
Cyclone Tracy,2025-07-25,122
Cyclone Tracy,2025-07-27,112
Cyclone Tracy,2025-07-28,102
Cyclone Tracy,2025-07-30,98
Cyclone Tracy,2025-07-31,172
Cyclone Tracy,2025-08-07,94
Cyclone Tracy,2025-08-08,105
Cyclone Tracy,2025-08-10,92
Cyclone Tracy,2025-08-11,135
Cyclone Tracy,2025-08-12,110
Cyclone Tracy,2025-08-13,128
Cyclone Tracy,2025-08-14,108
Cyclone Tracy,2025-08-17,91
Cyclone Tracy,2025-08-19,149
Cyclone Tracy,2025-08-20,117
Cyclone Tracy,2025-08-21,107
Cyclone Tracy,2025-08-22,135
Cyclone Tracy,2025-08-25,123
Cyclone Tracy,2025-08-26,152
Cyclone Tracy,2025-08-27,126
Cyclone Tracy,2025-08-28,143
Cyclone Tracy,2025-08-29,101
Cyclone Tracy,2025-08-30,105
Cyclone Tracy,2025-09-02,116
Cyclone Tracy,2025-09-03,119
Cyclone Tracy,2025-09-05,97
Cyclone Tracy,2025-09-07,105
Cyclone Tracy,2025-09-08,110
Cyclone Tracy,2025-09-09,161
Cyclone Tracy,2025-09-10,131
Cyclone Tracy,2025-09-12,98
Cyclone Tracy,2025-09-15,109
Cyclone Tracy,2025-09-17,105
Cyclone Tracy,2025-09-22,95
Cyclone Tracy,2025-09-24,92
Cyclone Tracy,2025-09-25,104
Cyclone Tracy,2025-10-09,104
Cyclone Tracy,2025-10-12,106
Cyclone Tracy,2025-10-14,165
Cyclone Tracy,2025-10-15,93
Cyclone Tracy,2025-10-16,117
Cyclone Tracy,2025-10-21,95
Cyclone Tracy,2025-10-22,151
Cyclone Tracy,2025-10-23,106
Cyclone Tracy,2025-10-25,90
Cyclone Tracy,2025-10-27,161
Cyclone Tracy,2025-10-28,277
Cyclone Tracy,2025-10-29,266
Cyclone Tracy,2025-10-30,147
Cyclone Tracy,2025-10-31,97
Cyclone Tracy,2025-11-03,124
Cyclone Tracy,2025-11-04,143
Cyclone Tracy,2025-11-05,119
Cyclone Tracy,2025-11-07,145
Cyclone Tracy,2025-11-09,117
Cyclone Tracy,2025-11-10,210
Cyclone Tracy,2025-11-11,248
Cyclone Tracy,2025-11-12,139
Cyclone Tracy,2025-11-13,98
Cyclone Tracy,2025-11-14,120
Cyclone Tracy,2025-11-16,133
Cyclone Tracy,2025-11-17,367
Cyclone Tracy,2025-11-18,644
Cyclone Tracy,2025-11-19,1098
Cyclone Tracy,2025-11-20,1400
Cyclone Tracy,2025-11-21,2023
Cyclone Tracy,2025-11-22,4358
Cyclone Tracy,2025-11-23,2014
Cyclone Tracy,2025-11-24,824
Cyclone Tracy,2025-11-25,443
Cyclone Tracy,2025-11-26,272
Cyclone Tracy,2025-11-27,198
Cyclone Tracy,2025-11-28,135
Cyclone Tracy,2025-11-29,126
Cyclone Tracy,2025-11-30,95
Cyclone Tracy,2025-12-01,182
Cyclone Tracy,2025-12-02,130
Cyclone Tracy,2025-12-03,119
Cyclone Tracy,2025-12-04,92
Cyclone Tracy,2025-12-23,118
Cyclone Tracy,2025-12-24,609
Cyclone Tracy,2025-12-25,388
Cyclone Tracy,2025-12-26,143
Cyclone Tracy,2025-12-27,97
Cyclone Tracy,2025-12-29,118
Cyclone Tracy,2025-12-30,117
Cyclone Tracy,2026-01-04,97
Cyclone Tracy,2026-01-08,93
Cyclone Tracy,2026-01-09,201
Cyclone Tracy,2026-01-10,292
Cyclone Tracy,2026-01-11,157
Cyclone Tracy,2026-01-13,95
Cyclone Tracy,2026-02-07,93
Cyclone Tracy,2026-02-08,98
Cyclone Tracy,2026-02-09,97
Cyclone Ului,2017-03-25,497
Cyclone Ului,2017-03-26,707
Cyclone Ului,2017-03-27,1351
Cyclone Ului,2017-03-28,580
Cyclone Ului,2024-01-25,150
Cyclone Ului,2025-03-03,199
Cyclone Ului,2025-03-04,356
Cyclone Ului,2025-03-05,519
Cyclone Ului,2025-03-06,341
Cyclone Ului,2025-03-07,403
Cyclone Ului,2025-03-08,156
Cyclone Vance,2023-04-13,356
Cyclone Vance,2025-02-13,272
Cyclone Vance,2025-03-05,182
Cyclone Veronica,2023-04-13,455
Cyclone Veronica,2025-02-12,151
Cyclone Veronica,2025-02-13,243
Cyclone Wanda,2025-03-03,253
Cyclone Wanda,2025-03-04,303
Cyclone Wanda,2025-03-05,251
Cyclone Winifred,2023-12-12,164
Cyclone Winifred,2023-12-13,125
Cyclone Winifred,2025-03-03,201
Cyclone Winifred,2025-03-04,332
Cyclone Winifred,2025-03-05,387
Cyclone Winifred,2025-03-06,296
Cyclone Winifred,2025-03-07,236
Cyclone Yasi,2017-03-22,523
Cyclone Yasi,2017-03-23,789
Cyclone Yasi,2017-03-24,2142
Cyclone Yasi,2017-03-25,3371
Cyclone Yasi,2017-03-26,6975
Cyclone Yasi,2017-03-27,14931
Cyclone Yasi,2017-03-28,8606
Cyclone Yasi,2017-03-29,2203
Cyclone Yasi,2017-03-30,1757
Cyclone Yasi,2017-03-31,714
Cyclone Yasi,2017-09-06,512
Cyclone Yasi,2017-09-07,560
Cyclone Yasi,2017-09-08,492
Cyclone Yasi,2017-09-09,503
Cyclone Yasi,2017-09-10,630
Cyclone Yasi,2017-09-11,673
Cyclone Yasi,2019-02-20,499
Cyclone Yasi,2019-02-21,533
Cyclone Yasi,2019-03-21,465
Cyclone Yasi,2021-01-17,882
Cyclone Yasi,2021-01-18,1208
Cyclone Yasi,2021-02-02,709
Cyclone Yasi,2021-02-03,462
Cyclone Yasi,2023-02-07,147
Cyclone Yasi,2023-02-08,188
Cyclone Yasi,2023-02-09,130
Cyclone Yasi,2023-02-10,149
Cyclone Yasi,2023-02-12,152
Cyclone Yasi,2023-02-13,102
Cyclone Yasi,2023-02-14,121
Cyclone Yasi,2023-04-11,170
Cyclone Yasi,2023-04-12,199
Cyclone Yasi,2023-04-13,1135
Cyclone Yasi,2023-04-14,409
Cyclone Yasi,2023-04-15,92
Cyclone Yasi,2023-08-30,125
Cyclone Yasi,2023-12-04,258
Cyclone Yasi,2023-12-05,733
Cyclone Yasi,2023-12-06,1178
Cyclone Yasi,2023-12-07,1597
Cyclone Yasi,2023-12-08,1763
Cyclone Yasi,2023-12-09,1563
Cyclone Yasi,2023-12-10,1865
Cyclone Yasi,2023-12-11,2174
Cyclone Yasi,2023-12-12,2518
Cyclone Yasi,2023-12-13,2464
Cyclone Yasi,2023-12-14,569
Cyclone Yasi,2023-12-15,303
Cyclone Yasi,2023-12-16,203
Cyclone Yasi,2023-12-17,248
Cyclone Yasi,2023-12-18,189
Cyclone Yasi,2023-12-19,114
Cyclone Yasi,2023-12-20,103
Cyclone Yasi,2024-01-18,134
Cyclone Yasi,2024-01-19,205
Cyclone Yasi,2024-01-20,356
Cyclone Yasi,2024-01-21,648
Cyclone Yasi,2024-01-22,902
Cyclone Yasi,2024-01-23,1063
Cyclone Yasi,2024-01-24,1265
Cyclone Yasi,2024-01-25,2447
Cyclone Yasi,2024-01-26,495
Cyclone Yasi,2024-01-27,245
Cyclone Yasi,2024-01-28,176
Cyclone Yasi,2024-01-29,122
Cyclone Yasi,2024-01-30,132
Cyclone Yasi,2024-01-31,132
Cyclone Yasi,2024-02-01,145
Cyclone Yasi,2024-02-02,135
Cyclone Yasi,2024-10-08,472
Cyclone Yasi,2024-10-09,1019
Cyclone Yasi,2024-10-10,899
Cyclone Yasi,2024-10-11,333
Cyclone Yasi,2024-10-12,149
Cyclone Yasi,2024-10-13,170
Cyclone Yasi,2024-10-14,116
Cyclone Yasi,2024-12-24,144
Cyclone Yasi,2024-12-25,112
Cyclone Yasi,2024-12-26,188
Cyclone Yasi,2025-02-01,126
Cyclone Yasi,2025-02-02,150
Cyclone Yasi,2025-02-03,135
Cyclone Yasi,2025-02-12,181
Cyclone Yasi,2025-02-13,554
Cyclone Yasi,2025-02-14,326
Cyclone Yasi,2025-02-23,158
Cyclone Yasi,2025-02-24,221
Cyclone Yasi,2025-02-25,174
Cyclone Yasi,2025-02-26,192
Cyclone Yasi,2025-02-27,239
Cyclone Yasi,2025-02-28,239
Cyclone Yasi,2025-03-01,330
Cyclone Yasi,2025-03-02,1363
Cyclone Yasi,2025-03-03,4777
Cyclone Yasi,2025-03-04,9447
Cyclone Yasi,2025-03-05,11246
Cyclone Yasi,2025-03-06,7882
Cyclone Yasi,2025-03-07,7332
Cyclone Yasi,2025-03-08,3121
Cyclone Yasi,2025-03-09,1460
Cyclone Yasi,2025-03-10,853
Cyclone Yasi,2025-03-11,696
Cyclone Yasi,2025-03-12,457
Cyclone Yasi,2025-03-13,280
Cyclone Yasi,2025-03-14,250
Cyclone Yasi,2025-03-15,141
Cyclone Yasi,2025-03-16,181
Cyclone Yasi,2025-03-17,154
Cyclone Yasi,2025-03-18,158
Cyclone Yasi,2025-03-19,141
Cyclone Yasi,2025-03-21,132
Cyclone Yasi,2025-03-22,126
Cyclone Yasi,2025-03-26,120
Cyclone Yasi,2025-03-27,167
Cyclone Yasi,2025-03-28,119
Cyclone Yasi,2025-03-29,92
Cyclone Yasi,2025-10-28,261
Cyclone Yasi,2025-10-29,175
Cyclone Yasi,2025-11-19,177
Cyclone Yasi,2025-11-20,193
Cyclone Yasi,2025-11-21,250
Cyclone Yasi,2025-11-22,421
Cyclone Yasi,2025-11-23,200
Cyclone Yasi,2025-11-24,141
Cyclone Yasi,2025-11-25,144
Cyclone Yasi,2026-01-07,92
Cyclone Yasi,2026-01-08,132
Cyclone Yasi,2026-01-09,386
Cyclone Yasi,2026-01-10,760
Cyclone Yasi,2026-01-11,308
Cyclone Yasi,2026-01-12,125
Cyclone Yasi,2026-02-04,152
Cyclone Zelia,2025-02-13,126
Cyclone Zelia,2025-02-14,439
Cyclone Zelia,2025-02-15,160
Cyclone Zelia,2025-02-16,108
Cyclone Zelia,2025-02-17,98
Cyclone Zelia,2025-03-02,112
Cyclone Zelia,2025-03-03,257
Cyclone Zelia,2025-03-04,450
Cyclone Zelia,2025-03-05,604
Cyclone Zelia,2025-03-06,517
Cyclone Zelia,2025-03-07,529
Cyclone Zelia,2025-03-08,316
Cyclone Zelia,2025-03-09,191
Cyclone Zelia,2025-03-10,128
